{"context":"et_builder_layouts","data":{"8":{"ID":8,"post_date":"2017-12-07 08:16:34","post_date_gmt":"2017-12-07 08:16:34","post_content":"[et_pb_section bb_built=\"1\" admin_label=\"section\" transparent_background=\"off\" allow_player_pause=\"off\" inner_shadow=\"off\" parallax=\"off\" parallax_method=\"on\" custom_padding=\"0px||0px|\" make_fullwidth=\"off\" use_custom_width=\"off\" width_unit=\"on\" make_equal=\"off\" use_custom_gutter=\"off\"][et_pb_row admin_label=\"row\" make_fullwidth=\"on\" use_custom_width=\"off\" width_unit=\"on\" use_custom_gutter=\"on\" gutter_width=\"1\" allow_player_pause=\"off\" parallax=\"off\" parallax_method=\"on\" make_equal=\"off\" parallax_1=\"off\" parallax_method_1=\"off\" custom_padding=\"||0px|\"][et_pb_column type=\"4_4\"][et_pb_dfbm_blog admin_label=\"Divi - Filterable Blog Module\" dfbm_fullwidth=\"off\" content_below_image=\"off\" show_posts_featured=\"off\" show_category_filter=\"off\" category_filter_style=\"nav\" show_order_options=\"off\" order_options_order=\"DESC\" order_options_orderby=\"date\" custom_posttypes=\"product\" hide_content=\"off\" content_absolute=\"off\" content_absolute_event=\"on\" show_thumbnail=\"on\" thumb_same_height=\"on\" define_thumb_height=\"270\" show_header=\"on\" header_tag=\"h2\" show_content=\"excerpt\" show_limit_words=\"on\" limit_words_count=\"35\" show_comments=\"on\" show_categories=\"on\" show_limit_categories=\"on\" show_author=\"off\" show_date=\"off\" show_star_rating=\"on\" show_product_price=\"on\" show_add_to_cart=\"on\" read_more=\"on\" show_pagination=\"on\" add_more_button=\"off\" add_more_fullwidth=\"off\" offset_number=\"0\" use_overlay=\"off\" use_overlay_featured=\"off\" use_dfbm_lightbox=\"off\" videos_in_feed=\"off\" scroll_animate_offset=\"off\" scroll_offset_height_mob=\"0\" bg_layout=\"light\" setup_image_pos=\"center\" use_inner_shadow=\"on\" use_dropshadow=\"off\" different_fonts=\"off\" post_meta_link_fb_font_size_tablet=\"51\" post_meta_link_fb_line_height_tablet=\"5\" use_border_color=\"off\" border_color=\"#ffffff\" border_style=\"solid\" \/][\/et_pb_column][\/et_pb_row][\/et_pb_section]","post_title":"DFBM-Shop","post_excerpt":"","post_status":"publish","comment_status":"closed","ping_status":"closed","post_password":"","post_name":"dfbm-shop","to_ping":"","pinged":"","post_modified":"2017-12-07 08:16:34","post_modified_gmt":"2017-12-07 08:16:34","post_content_filtered":"","post_parent":0,"menu_order":0,"post_type":"et_pb_layout","post_mime_type":"","comment_count":"0","filter":"raw","post_meta":{"_et_pb_built_for_post_type":["page"],"_et_pb_use_builder":["on"],"_et_pb_ab_bounce_rate_limit":["5"],"_et_pb_ab_stats_refresh_interval":["hourly"],"_et_pb_old_content":[""],"_et_pb_enable_shortcode_tracking":[""],"_dfbm_initial_query":["a:1:{s:12:\"posts_number\";i:6;}"]},"terms":{"11":{"name":"layout","slug":"layout","taxonomy":"layout_type","parent":0,"all_parents":[],"description":""}}}},"images":[]}