[{"title":"5 Foods That Are Good For Your Health in Daily Life","type":"flip","questions":[{"title":"Walnuts","mediaType":"image","image":"http:\/\/demo.mythemeshop.com\/wp-quiz-pro\/files\/2016\/05\/walnuts.jpg","imageCredit":"","backImage":"http:\/\/demo.mythemeshop.com\/wp-quiz-pro\/files\/2016\/05\/walnuts-text.jpg","backImageCredit":"","desc":""},{"title":"Celery","mediaType":"image","image":"http:\/\/demo.mythemeshop.com\/wp-quiz-pro\/files\/2016\/05\/Celery.jpg","imageCredit":"","backImage":"http:\/\/demo.mythemeshop.com\/wp-quiz-pro\/files\/2016\/05\/Celery-text.jpg","backImageCredit":"","desc":""},{"title":"Tomato","mediaType":"image","image":"http:\/\/demo.mythemeshop.com\/wp-quiz-pro\/files\/2016\/05\/Tomato.jpg","imageCredit":"","backImage":"http:\/\/demo.mythemeshop.com\/wp-quiz-pro\/files\/2016\/05\/Tomato-text.jpg","backImageCredit":"","desc":""},{"title":"Ginger","mediaType":"image","image":"http:\/\/demo.mythemeshop.com\/wp-quiz-pro\/files\/2016\/05\/Ginger.jpg","imageCredit":"","backImage":"http:\/\/demo.mythemeshop.com\/wp-quiz-pro\/files\/2016\/05\/Ginger-text.jpg","backImageCredit":"","desc":""},{"title":"Grapes","mediaType":"image","image":"http:\/\/demo.mythemeshop.com\/wp-quiz-pro\/files\/2016\/05\/Grapes.jpg","imageCredit":"","backImage":"http:\/\/demo.mythemeshop.com\/wp-quiz-pro\/files\/2016\/05\/Grapes-text.jpg","backImageCredit":"","desc":""}],"results":"","settings":{"question_layout":"single","skin":"traditional","bar_color":"#00c479","font_color":"#000","background_color":"#fff","title_color":"","title_size":"","title_font":"AvantGarde-Book","profile":"user","animation_in":"fade","animation_out":"fade","size":"full","custom_height":"350","custom_width":"640","share_buttons":["fb","tw","g+","vk"],"countdown_timer":"","force_action":"0","ad_nth_display":"0","ad_codes":"","rand_questions":0,"rand_answers":0,"restart_questions":0,"promote_plugin":0,"embed_toggle":0,"show_ads":0,"show_countdown":0,"timer":0,"auto_scroll":0,"repeat_ads":0},"featured_image":""},{"title":"Lets play some Wheel Of Fortune?","type":"flip","questions":[{"title":"Category: Character","mediaType":"image","image":"http:\/\/demo.mythemeshop.com\/wp-quiz-pro\/files\/2016\/05\/character-half.jpg","imageCredit":"","backImage":"http:\/\/demo.mythemeshop.com\/wp-quiz-pro\/files\/2016\/05\/character-full.jpg","backImageCredit":"","desc":""},{"title":"Category: Character and the Movie name","mediaType":"image","image":"http:\/\/demo.mythemeshop.com\/wp-quiz-pro\/files\/2016\/05\/moviename-half.jpg","imageCredit":"","backImage":"http:\/\/demo.mythemeshop.com\/wp-quiz-pro\/files\/2016\/05\/moviename-full.jpg","backImageCredit":"","desc":""},{"title":"Category: Food and Drink!","mediaType":"image","image":"http:\/\/demo.mythemeshop.com\/wp-quiz-pro\/files\/2016\/05\/food-n-drink-half.jpg","imageCredit":"","backImage":"http:\/\/demo.mythemeshop.com\/wp-quiz-pro\/files\/2016\/05\/food-n-drink-full.jpg","backImageCredit":"","desc":""},{"title":"Category: Event","mediaType":"image","image":"http:\/\/demo.mythemeshop.com\/wp-quiz-pro\/files\/2016\/05\/event-half.jpg","imageCredit":"","backImage":"http:\/\/demo.mythemeshop.com\/wp-quiz-pro\/files\/2016\/05\/event-full.jpg","backImageCredit":"","desc":""},{"title":"Catrgory: Thing","mediaType":"image","image":"http:\/\/demo.mythemeshop.com\/wp-quiz-pro\/files\/2016\/05\/thing-half.jpg","imageCredit":"","backImage":"http:\/\/demo.mythemeshop.com\/wp-quiz-pro\/files\/2016\/05\/thing-full.jpg","backImageCredit":"","desc":""},{"title":"Category: What are you doing? Hint: Weekly winning.","mediaType":"image","image":"http:\/\/demo.mythemeshop.com\/wp-quiz-pro\/files\/2016\/05\/6-half.jpg","imageCredit":"","backImage":"http:\/\/demo.mythemeshop.com\/wp-quiz-pro\/files\/2016\/05\/6-full.jpg","backImageCredit":"","desc":""},{"title":"Category: Song Lyrics. Hint: This song is hot!","mediaType":"image","image":"http:\/\/demo.mythemeshop.com\/wp-quiz-pro\/files\/2016\/05\/7-half.jpg","imageCredit":"","backImage":"http:\/\/demo.mythemeshop.com\/wp-quiz-pro\/files\/2016\/05\/7-full.jpg","backImageCredit":"","desc":""},{"title":"Category: Before & After. Hint: Unmentionable drawer.","mediaType":"image","image":"http:\/\/demo.mythemeshop.com\/wp-quiz-pro\/files\/2016\/05\/8-half.jpg","imageCredit":"","backImage":"http:\/\/demo.mythemeshop.com\/wp-quiz-pro\/files\/2016\/05\/8-full.jpg","backImageCredit":"","desc":""},{"title":"Category: Event. Hint: The journey","mediaType":"image","image":"http:\/\/demo.mythemeshop.com\/wp-quiz-pro\/files\/2016\/05\/9-half.jpg","imageCredit":"","backImage":"http:\/\/demo.mythemeshop.com\/wp-quiz-pro\/files\/2016\/05\/9-full.jpg","backImageCredit":"","desc":""},{"title":"Category: What Are You Doing? Event: Almost done.","mediaType":"image","image":"http:\/\/demo.mythemeshop.com\/wp-quiz-pro\/files\/2016\/05\/10-half.jpg","imageCredit":"","backImage":"http:\/\/demo.mythemeshop.com\/wp-quiz-pro\/files\/2016\/05\/10-full.jpg","backImageCredit":"","desc":""}],"results":"","settings":{"question_layout":"single","skin":"flat","bar_color":"#00c479","font_color":"#000","background_color":"#ecf0f1","title_color":"","title_size":"","title_font":"AvantGarde-Book","profile":"user","animation_in":"fade","animation_out":"fade","size":"full","custom_height":"","custom_width":"","share_buttons":["fb","tw","g+","vk"],"countdown_timer":"","force_action":"0","ad_nth_display":"0","ad_codes":"","rand_questions":0,"rand_answers":0,"restart_questions":0,"promote_plugin":0,"embed_toggle":0,"show_ads":0,"show_countdown":0,"timer":0,"auto_scroll":0,"repeat_ads":0},"featured_image":""},{"title":"Then Vs Meow-Cats And Their Complicated Relationship With Technology","type":"flip","questions":[{"title":"Television:","mediaType":"image","image":"http:\/\/demo.mythemeshop.com\/wp-quiz-pro\/files\/2016\/05\/1-3.jpg","imageCredit":"","backImage":"http:\/\/demo.mythemeshop.com\/wp-quiz-pro\/files\/2016\/05\/11-1.jpg","backImageCredit":"","desc":""},{"title":"Messing with your human:","mediaType":"image","image":"http:\/\/demo.mythemeshop.com\/wp-quiz-pro\/files\/2016\/05\/2-3.jpg","imageCredit":"","backImage":"http:\/\/demo.mythemeshop.com\/wp-quiz-pro\/files\/2016\/05\/22-1.jpg","backImageCredit":"","desc":""},{"title":"Staying Warm:","mediaType":"image","image":"http:\/\/demo.mythemeshop.com\/wp-quiz-pro\/files\/2016\/05\/3-3.jpg","imageCredit":"","backImage":"http:\/\/demo.mythemeshop.com\/wp-quiz-pro\/files\/2016\/05\/33-1.jpg","backImageCredit":"","desc":""},{"title":"Providing For The Family:","mediaType":"image","image":"http:\/\/demo.mythemeshop.com\/wp-quiz-pro\/files\/2016\/05\/4-3.jpg","imageCredit":"","backImage":"http:\/\/demo.mythemeshop.com\/wp-quiz-pro\/files\/2016\/05\/44-1.jpg","backImageCredit":"","desc":""},{"title":"Keeping An Eye On The Enemy:","mediaType":"image","image":"http:\/\/demo.mythemeshop.com\/wp-quiz-pro\/files\/2016\/05\/5-3.jpg","imageCredit":"","backImage":"http:\/\/demo.mythemeshop.com\/wp-quiz-pro\/files\/2016\/05\/55-1.jpg","backImageCredit":"","desc":""},{"title":"Catching The Fishes:","mediaType":"image","image":"http:\/\/demo.mythemeshop.com\/wp-quiz-pro\/files\/2016\/05\/6-3.jpg","imageCredit":"","backImage":"http:\/\/demo.mythemeshop.com\/wp-quiz-pro\/files\/2016\/05\/66-1.jpg","backImageCredit":"","desc":""},{"title":"Catception:","mediaType":"image","image":"http:\/\/demo.mythemeshop.com\/wp-quiz-pro\/files\/2016\/05\/7-2.jpg","imageCredit":"","backImage":"http:\/\/demo.mythemeshop.com\/wp-quiz-pro\/files\/2016\/05\/77-1.jpg","backImageCredit":"","desc":""}],"results":"","settings":{"question_layout":"single","skin":"flat","bar_color":"#00c479","font_color":"#000","background_color":"#fff","title_color":"","title_size":"","title_font":"AvantGarde-Book","profile":"user","animation_in":"fade","animation_out":"fade","size":"full","custom_height":"","custom_width":"","rand_questions":1,"share_buttons":["fb","tw","g+","vk"],"countdown_timer":"","force_action":"0","ad_nth_display":"0","ad_codes":"","rand_answers":0,"restart_questions":0,"promote_plugin":0,"embed_toggle":0,"show_ads":0,"show_countdown":0,"timer":0,"auto_scroll":0,"repeat_ads":0},"featured_image":""},{"title":"How beautiful photographs are really created","type":"flip","questions":[{"title":"1","mediaType":"image","image":"http:\/\/demo.mythemeshop.com\/wp-quiz-pro\/files\/2016\/07\/photo1.jpg","imageCredit":"","backImage":"http:\/\/demo.mythemeshop.com\/wp-quiz-pro\/files\/2016\/07\/photo1-1.jpg","backImageCredit":"","desc":""},{"title":"2","mediaType":"image","image":"http:\/\/demo.mythemeshop.com\/wp-quiz-pro\/files\/2016\/07\/photo2.jpg","imageCredit":"","backImage":"http:\/\/demo.mythemeshop.com\/wp-quiz-pro\/files\/2016\/07\/photo2-1.jpg","backImageCredit":"","desc":""},{"title":"3","mediaType":"image","image":"http:\/\/demo.mythemeshop.com\/wp-quiz-pro\/files\/2016\/07\/photo3.jpg","imageCredit":"","backImage":"http:\/\/demo.mythemeshop.com\/wp-quiz-pro\/files\/2016\/07\/photo3-1.jpg","backImageCredit":"","desc":""},{"title":"4","mediaType":"image","image":"http:\/\/demo.mythemeshop.com\/wp-quiz-pro\/files\/2016\/07\/photo4.jpg","imageCredit":"","backImage":"http:\/\/demo.mythemeshop.com\/wp-quiz-pro\/files\/2016\/07\/photo4-1.jpg","backImageCredit":"","desc":""},{"title":"5","mediaType":"image","image":"http:\/\/demo.mythemeshop.com\/wp-quiz-pro\/files\/2016\/07\/photo5.jpg","imageCredit":"","backImage":"http:\/\/demo.mythemeshop.com\/wp-quiz-pro\/files\/2016\/07\/photo5-1.jpg","backImageCredit":"","desc":""},{"title":"6","mediaType":"image","image":"http:\/\/demo.mythemeshop.com\/wp-quiz-pro\/files\/2016\/07\/photo6.jpg","imageCredit":"","backImage":"http:\/\/demo.mythemeshop.com\/wp-quiz-pro\/files\/2016\/07\/photo6-1.jpg","backImageCredit":"","desc":""},{"title":"7","mediaType":"image","image":"http:\/\/demo.mythemeshop.com\/wp-quiz-pro\/files\/2016\/07\/photo7.jpg","imageCredit":"","backImage":"http:\/\/demo.mythemeshop.com\/wp-quiz-pro\/files\/2016\/07\/photo7-1.jpg","backImageCredit":"","desc":""},{"title":"8","mediaType":"image","image":"http:\/\/demo.mythemeshop.com\/wp-quiz-pro\/files\/2016\/07\/photo8.jpg","imageCredit":"","backImage":"http:\/\/demo.mythemeshop.com\/wp-quiz-pro\/files\/2016\/07\/photo8-1.jpg","backImageCredit":"","desc":""},{"title":"9","mediaType":"image","image":"http:\/\/demo.mythemeshop.com\/wp-quiz-pro\/files\/2016\/07\/photo9.jpg","imageCredit":"","backImage":"http:\/\/demo.mythemeshop.com\/wp-quiz-pro\/files\/2016\/07\/photo9-1.jpg","backImageCredit":"","desc":""},{"title":"10","mediaType":"image","image":"http:\/\/demo.mythemeshop.com\/wp-quiz-pro\/files\/2016\/07\/photo10.jpg","imageCredit":"","backImage":"http:\/\/demo.mythemeshop.com\/wp-quiz-pro\/files\/2016\/07\/photo10-1.jpg","backImageCredit":"","desc":""},{"title":"11","mediaType":"image","image":"http:\/\/demo.mythemeshop.com\/wp-quiz-pro\/files\/2016\/07\/photo11.jpg","imageCredit":"","backImage":"http:\/\/demo.mythemeshop.com\/wp-quiz-pro\/files\/2016\/07\/photo11-1.jpg","backImageCredit":"","desc":""},{"title":"12","mediaType":"image","image":"http:\/\/demo.mythemeshop.com\/wp-quiz-pro\/files\/2016\/07\/photo12.jpg","imageCredit":"","backImage":"http:\/\/demo.mythemeshop.com\/wp-quiz-pro\/files\/2016\/07\/photo12-1.jpg","backImageCredit":"","desc":""},{"title":"13","mediaType":"image","image":"http:\/\/demo.mythemeshop.com\/wp-quiz-pro\/files\/2016\/07\/photo13.jpg","imageCredit":"","backImage":"http:\/\/demo.mythemeshop.com\/wp-quiz-pro\/files\/2016\/07\/photo13-1.jpg","backImageCredit":"","desc":""}],"results":"","settings":{"question_layout":"single","skin":"traditional","bar_color":"#00c479","font_color":"#000","background_color":"#fff","title_color":"","title_size":"","title_font":"AvantGarde-Book","profile":"user","animation_in":"fade","animation_out":"fade","size":"full","custom_height":"","custom_width":"","share_buttons":["fb","tw","g+","vk"],"countdown_timer":"0","force_action":"0","ad_nth_display":"0","ad_codes":"","rand_questions":0,"rand_answers":0,"restart_questions":0,"promote_plugin":0,"embed_toggle":0,"show_ads":0,"show_countdown":0,"timer":0,"auto_scroll":0,"repeat_ads":0},"featured_image":""}]