[{"title":"How Many Oscar-Nominated Movies Have You Seen?","type":"swiper","questions":[{"title":"The Revenant","mediaType":"image","image":"http:\/\/demo.mythemeshop.com\/wp-quiz-pro\/files\/2016\/05\/oscar-1.jpg","imageCredit":"","votesUp":4,"votesDown":"2","uid":"0"},{"title":"Carol","mediaType":"image","image":"http:\/\/demo.mythemeshop.com\/wp-quiz-pro\/files\/2016\/05\/oscar-2.jpg","imageCredit":"","votesUp":"0","votesDown":6,"uid":"1"},{"title":"Mad Max: Fury Road","mediaType":"image","image":"http:\/\/demo.mythemeshop.com\/wp-quiz-pro\/files\/2016\/05\/oscar-3.jpg","imageCredit":"","votesUp":3,"votesDown":"3","uid":"2"},{"title":"Room","mediaType":"image","image":"http:\/\/demo.mythemeshop.com\/wp-quiz-pro\/files\/2016\/05\/oscar-4.jpg","imageCredit":"","votesUp":"0","votesDown":6,"uid":"3"},{"title":"Spotlight","mediaType":"image","image":"http:\/\/demo.mythemeshop.com\/wp-quiz-pro\/files\/2016\/05\/oscar-5.jpg","imageCredit":"","votesUp":"0","votesDown":6,"uid":"4"},{"title":"The Martian","mediaType":"image","image":"http:\/\/demo.mythemeshop.com\/wp-quiz-pro\/files\/2016\/05\/oscar-6.jpg","imageCredit":"","votesUp":4,"votesDown":"2","uid":"5"},{"title":"The Big Short","mediaType":"image","image":"http:\/\/demo.mythemeshop.com\/wp-quiz-pro\/files\/2016\/05\/oscar-7.jpg","imageCredit":"","votesUp":"0","votesDown":6,"uid":"6"},{"title":"Joy","mediaType":"image","image":"http:\/\/demo.mythemeshop.com\/wp-quiz-pro\/files\/2016\/05\/oscar-8.jpg","imageCredit":"","votesUp":"0","votesDown":6,"uid":"7"},{"title":"Brooklyn","mediaType":"image","image":"http:\/\/demo.mythemeshop.com\/wp-quiz-pro\/files\/2016\/05\/oscar-9.jpg","imageCredit":"","votesUp":"0","votesDown":6,"uid":"8"},{"title":"The Danish Girl","mediaType":"image","image":"http:\/\/demo.mythemeshop.com\/wp-quiz-pro\/files\/2016\/05\/oscar-10.jpg","imageCredit":"","votesUp":2,"votesDown":"4","uid":"9"}],"results":"","settings":{"question_layout":"single","skin":"traditional","bar_color":"#00c479","font_color":"#dd9933","background_color":"#fff","title_color":"","title_size":"","title_font":"AvantGarde-Book","profile":"user","animation_in":"fade","animation_out":"fade","size":"custom","custom_height":"351","custom_width":"350","rand_questions":1,"embed_toggle":1,"countdown_timer":"","force_action":"0","ad_nth_display":"0","ad_codes":"","rand_answers":0,"restart_questions":0,"promote_plugin":0,"show_ads":0,"show_countdown":0,"timer":0,"auto_scroll":0,"repeat_ads":0},"featured_image":""},{"title":"Valentine&#8217;s Day Tinder: Which Famous Woman Will You Swipe Right?","type":"swiper","questions":[{"title":"Marilyn Monroe","mediaType":"image","image":"http:\/\/demo.mythemeshop.com\/wp-quiz-pro\/files\/2016\/05\/valentine-1.jpg","imageCredit":"","votesUp":"9","votesDown":5,"uid":"0"},{"title":"Catherine Middleton","mediaType":"image","image":"http:\/\/demo.mythemeshop.com\/wp-quiz-pro\/files\/2016\/05\/valentine-2.jpg","imageCredit":"","votesUp":5,"votesDown":"9","uid":"1"},{"title":"Madonna","mediaType":"image","image":"http:\/\/demo.mythemeshop.com\/wp-quiz-pro\/files\/2016\/05\/valentine-3.jpg","imageCredit":"","votesUp":9,"votesDown":"5","uid":"2"},{"title":"Angelina Jolie","mediaType":"image","image":"http:\/\/demo.mythemeshop.com\/wp-quiz-pro\/files\/2016\/05\/valentine-4.jpg","imageCredit":"","votesUp":11,"votesDown":"3","uid":"3"},{"title":"Shakira","mediaType":"image","image":"http:\/\/demo.mythemeshop.com\/wp-quiz-pro\/files\/2016\/05\/valentine-5.jpg","imageCredit":"","votesUp":"7","votesDown":7,"uid":"4"},{"title":"J.K.Rowling","mediaType":"image","image":"http:\/\/demo.mythemeshop.com\/wp-quiz-pro\/files\/2016\/05\/valentine-6.jpg","imageCredit":"","votesUp":"7","votesDown":7,"uid":"5"},{"title":"Cleopatra","mediaType":"image","image":"http:\/\/demo.mythemeshop.com\/wp-quiz-pro\/files\/2016\/05\/valentine-7.jpg","imageCredit":"","votesUp":"3","votesDown":11,"uid":"6"},{"title":"Oprah Winfrey","mediaType":"image","image":"http:\/\/demo.mythemeshop.com\/wp-quiz-pro\/files\/2016\/05\/valentine-8.jpg","imageCredit":"","votesUp":"8","votesDown":6,"uid":"7"},{"title":"Hilary Clinton","mediaType":"image","image":"http:\/\/demo.mythemeshop.com\/wp-quiz-pro\/files\/2016\/05\/valentine-9.jpg","imageCredit":"","votesUp":"4","votesDown":10,"uid":"8"},{"title":"Sarah Palin","mediaType":"image","image":"http:\/\/demo.mythemeshop.com\/wp-quiz-pro\/files\/2016\/05\/star-wars-10.jpg","imageCredit":"","votesUp":"8","votesDown":6,"uid":"9"},{"title":"Scarlett Johansson","mediaType":"image","image":"http:\/\/demo.mythemeshop.com\/wp-quiz-pro\/files\/2016\/05\/valentine-11.jpg","imageCredit":"","votesUp":11,"votesDown":"3","uid":"10"},{"title":"Kerry Washington","mediaType":"image","image":"http:\/\/demo.mythemeshop.com\/wp-quiz-pro\/files\/2016\/05\/valentine-12.jpg","imageCredit":"","votesUp":"7","votesDown":7,"uid":"11"},{"title":"Rihanna","mediaType":"image","image":"http:\/\/demo.mythemeshop.com\/wp-quiz-pro\/files\/2016\/05\/valentine-13.jpg","imageCredit":"","votesUp":"5","votesDown":9,"uid":"12"},{"title":"Ellen DeGeneres","mediaType":"image","image":"http:\/\/demo.mythemeshop.com\/wp-quiz-pro\/files\/2016\/05\/valentine-14.jpg","imageCredit":"","votesUp":10,"votesDown":"4","uid":"13"},{"title":"Miley Cyrus","mediaType":"image","image":"http:\/\/demo.mythemeshop.com\/wp-quiz-pro\/files\/2016\/05\/valentine-15.jpg","imageCredit":"","votesUp":"4","votesDown":10,"uid":"14"}],"results":"","settings":{"question_layout":"single","skin":"traditional","bar_color":"#00c479","font_color":"#000","background_color":"#fff","title_color":"","title_size":"","title_font":"AvantGarde-Book","profile":"user","animation_in":"fade","animation_out":"fade","size":"custom","custom_height":"351","custom_width":"350","restart_questions":1,"promote_plugin":1,"embed_toggle":1,"share_buttons":["fb","tw","g+","vk"],"countdown_timer":"","force_action":"0","ad_nth_display":"0","ad_codes":"","rand_questions":0,"rand_answers":0,"show_ads":0,"show_countdown":0,"timer":0,"auto_scroll":0,"repeat_ads":0},"featured_image":"http:\/\/demo.mythemeshop.com\/wp-quiz-pro\/files\/2014\/03\/valentine.jpg"},{"title":"Hot Or Not: Bathing Suit Edition Pick Which Styles You Love","type":"swiper","questions":[{"title":"High Neck Bikini","mediaType":"image","image":"http:\/\/demo.mythemeshop.com\/wp-quiz-pro\/files\/2016\/05\/bathing-suit-1.jpg","imageCredit":"","votesUp":"2","votesDown":4,"uid":"0"},{"title":"High Waisted Floral Bikini","mediaType":"image","image":"http:\/\/demo.mythemeshop.com\/wp-quiz-pro\/files\/2016\/05\/bathing-suit-2.jpg","imageCredit":"","votesUp":6,"votesDown":"0","uid":"1"},{"title":"Colour-blocked One Piece","mediaType":"image","image":"http:\/\/demo.mythemeshop.com\/wp-quiz-pro\/files\/2016\/05\/bathing-suit-3.jpg","imageCredit":"","votesUp":3,"votesDown":"3","uid":"2"},{"title":"Strappy Neon Bikin ","mediaType":"image","image":"http:\/\/demo.mythemeshop.com\/wp-quiz-pro\/files\/2016\/05\/bathing-suit-4.jpg","imageCredit":"","votesUp":"2","votesDown":4,"uid":"3"},{"title":"Printed One Piece","mediaType":"image","image":"http:\/\/demo.mythemeshop.com\/wp-quiz-pro\/files\/2016\/05\/bathing-suit-5.jpg","imageCredit":"","votesUp":"1","votesDown":5,"uid":"4"},{"title":"High Waisted Polka Dot Bikini ","mediaType":"image","image":"http:\/\/demo.mythemeshop.com\/wp-quiz-pro\/files\/2016\/05\/bathing-suit-6.jpg","imageCredit":"","votesUp":"4","votesDown":2,"uid":"5"},{"title":"High Waisted Stripes","mediaType":"image","image":"http:\/\/demo.mythemeshop.com\/wp-quiz-pro\/files\/2016\/05\/bathing-suit-7.jpg","imageCredit":"","votesUp":6,"votesDown":"0","uid":"6"},{"title":"Cinched One Piece","mediaType":"image","image":"http:\/\/demo.mythemeshop.com\/wp-quiz-pro\/files\/2016\/05\/bathing-suit-8.jpg","imageCredit":"","votesUp":6,"votesDown":"0","uid":"7"},{"title":"Deep-V One Piece","mediaType":"image","image":"http:\/\/demo.mythemeshop.com\/wp-quiz-pro\/files\/2016\/05\/bathing-suit-9.jpg","imageCredit":"","votesUp":1,"votesDown":"5","uid":"8"},{"title":"'Triangl' Bikini ","mediaType":"image","image":"http:\/\/demo.mythemeshop.com\/wp-quiz-pro\/files\/2016\/05\/bathing-suit-10.jpg","imageCredit":"","votesUp":1,"votesDown":"5","uid":"9"}],"results":"","settings":{"question_layout":"single","skin":"traditional","bar_color":"#00c479","font_color":"#dd3333","background_color":"#fff","title_color":"","title_size":"","title_font":"AvantGarde-Book","profile":"user","animation_in":"fade","animation_out":"fade","size":"custom","custom_height":"450","custom_width":"350","restart_questions":1,"promote_plugin":1,"embed_toggle":1,"share_buttons":["fb","tw","g+"],"countdown_timer":"","force_action":"0","ad_nth_display":"0","ad_codes":"","rand_questions":0,"rand_answers":0,"show_ads":0,"show_countdown":0,"timer":0,"auto_scroll":0,"repeat_ads":0},"featured_image":""},{"title":"How Many Of These Superfoods Have You Tried?","type":"swiper","questions":[{"title":"BLACK SAPOTE","mediaType":"image","image":"http:\/\/demo.mythemeshop.com\/wp-quiz-pro\/files\/2016\/04\/food-1.jpg","imageCredit":"","votesUp":16,"votesDown":18,"uid":"0"},{"title":"GOLDENBERRIES","mediaType":"image","image":"http:\/\/demo.mythemeshop.com\/wp-quiz-pro\/files\/2016\/04\/food-2.jpg","imageCredit":"","votesUp":21,"votesDown":13,"uid":"1"},{"title":"MORINGA","mediaType":"image","image":"http:\/\/demo.mythemeshop.com\/wp-quiz-pro\/files\/2016\/04\/food-3.jpg","imageCredit":"","votesUp":10,"votesDown":10,"uid":"2"},{"title":"LUCUMA","mediaType":"image","image":"http:\/\/demo.mythemeshop.com\/wp-quiz-pro\/files\/2016\/04\/food-6.jpg","imageCredit":"","votesUp":13,"votesDown":7,"uid":"3"},{"title":"PINK LADY APPLES","mediaType":"image","image":"http:\/\/demo.mythemeshop.com\/wp-quiz-pro\/files\/2016\/04\/food-7.jpg","imageCredit":"","votesUp":16,"votesDown":"4","uid":"4"},{"title":"TEFF","mediaType":"image","image":"http:\/\/demo.mythemeshop.com\/wp-quiz-pro\/files\/2016\/04\/food-8.jpg","imageCredit":"","votesUp":11,"votesDown":9,"uid":"5"},{"title":"ROOT VEGGIES","mediaType":"image","image":"http:\/\/demo.mythemeshop.com\/wp-quiz-pro\/files\/2016\/04\/food-4.jpg","imageCredit":"","votesUp":11,"votesDown":9,"uid":"6"},{"title":"HEIRLOOM TOMATOES","mediaType":"image","image":"http:\/\/demo.mythemeshop.com\/wp-quiz-pro\/files\/2016\/04\/food-9.jpg","imageCredit":"","votesUp":10,"votesDown":"10","uid":"7"},{"title":"LONGANS","mediaType":"image","image":"http:\/\/demo.mythemeshop.com\/wp-quiz-pro\/files\/2016\/04\/food-10.jpg","imageCredit":"","votesUp":10,"votesDown":"10","uid":"8"},{"title":"COLLARD GREENS","mediaType":"image","image":"http:\/\/demo.mythemeshop.com\/wp-quiz-pro\/files\/2016\/04\/food-5.jpg","imageCredit":"","votesUp":13,"votesDown":"7","uid":"9"},{"title":"AVOCADO","mediaType":"image","image":"http:\/\/demo.mythemeshop.com\/wp-quiz-pro\/files\/2016\/04\/food-11.jpg","imageCredit":"","votesUp":12,"votesDown":8,"uid":"10"},{"title":"COCONUT OIL","mediaType":"image","image":"http:\/\/demo.mythemeshop.com\/wp-quiz-pro\/files\/2016\/04\/food-12.jpg","imageCredit":"","votesUp":11,"votesDown":"9","uid":"11"}],"results":"","settings":{"question_layout":"single","skin":"traditional","bar_color":"#00c479","font_color":"#000","background_color":"#fff","title_color":"","title_size":"","title_font":"AvantGarde-Book","profile":"user","animation_in":"fade","animation_out":"fade","size":"custom","custom_height":"485","custom_width":"350","restart_questions":1,"share_buttons":["fb","tw","g+","vk"],"countdown_timer":"","force_action":"0","ad_nth_display":"0","ad_codes":"","rand_questions":0,"rand_answers":0,"promote_plugin":0,"embed_toggle":0,"show_ads":0,"show_countdown":0,"timer":0,"auto_scroll":0,"repeat_ads":0},"featured_image":""}]