[{"title":"Can You Name The Leo DiCaprio Movie By An Image?","type":"trivia","questions":[{"title":"1","mediaType":"image","image":"http:\/\/demo.mythemeshop.com\/wp-quiz-pro\/files\/2016\/04\/leo-1.jpg","imageCredit":"","video":"","imagePlaceholder":"","desc":"","answers":[{"title":"Romeo + Juliet","image":"","isCorrect":"1"},{"title":"The Aviator","image":"","isCorrect":"0"},{"title":"The Man in the Iron Mask","image":"","isCorrect":"0"}]},{"title":"2","mediaType":"image","image":"http:\/\/demo.mythemeshop.com\/wp-quiz-pro\/files\/2016\/04\/leo-2.jpg","imageCredit":"","video":"","imagePlaceholder":"","desc":"","answers":[{"title":"The Gangs of New York","image":"","isCorrect":"0"},{"title":"The Departed","image":"","isCorrect":"0"},{"title":"Blood Diamond","image":"","isCorrect":"1"}]},{"title":"3","mediaType":"image","image":"http:\/\/demo.mythemeshop.com\/wp-quiz-pro\/files\/2016\/04\/leo-3.jpg","imageCredit":"","video":"","imagePlaceholder":"","desc":"","answers":[{"title":"Shutter Island","image":"","isCorrect":"0"},{"title":"Inception","image":"","isCorrect":"1"},{"title":"The 11th Hour","image":"","isCorrect":"0"}]},{"title":"4","mediaType":"image","image":"http:\/\/demo.mythemeshop.com\/wp-quiz-pro\/files\/2016\/04\/leo-4.jpg","imageCredit":"","video":"","imagePlaceholder":"","desc":"","answers":[{"title":"Total Eclipse","image":"","isCorrect":"0"},{"title":"Body of Lies","image":"","isCorrect":"0"},{"title":"The Basketball Diaries","image":"","isCorrect":"1"}]},{"title":"5","mediaType":"image","image":"http:\/\/demo.mythemeshop.com\/wp-quiz-pro\/files\/2016\/04\/leo-5.jpg","imageCredit":"","video":"","imagePlaceholder":"","desc":"","answers":[{"title":"The Great Gatsby","image":"","isCorrect":"0"},{"title":"Revolutionary Road","image":"","isCorrect":"0"},{"title":"Catch Me If You Can","image":"","isCorrect":"1"}]}],"results":[{"title":"Leo has finally Won the Oscar","image":"http:\/\/demo.mythemeshop.com\/wp-quiz-pro\/files\/2016\/04\/leo-oscar.jpg","min":"4","max":"5","desc":"\"I thank you all of this for this amazing award tonight. Let us not take this planet for granted. I do not take tonight for granted. Thank you.\""},{"title":"Better luck next time","image":"http:\/\/demo.mythemeshop.com\/wp-quiz-pro\/files\/2016\/04\/leo-sad.jpg","min":"0","max":"3","desc":"\"I don't always win the Oscar, but when I do... I don't\""}],"settings":{"question_layout":"single","skin":"flat","bar_color":"#00c479","font_color":"#000","background_color":"#ecf0f1","title_color":"","title_size":"","title_font":"AvantGarde-Book","profile":"user","animation_in":"fade","animation_out":"fade","size":"full","custom_height":"","custom_width":"","restart_questions":1,"embed_toggle":1,"share_buttons":["fb","tw","g+","vk"],"countdown_timer":"0","auto_scroll":1,"force_action":"2","ad_nth_display":"0","ad_codes":"","rand_questions":0,"rand_answers":0,"promote_plugin":0,"show_ads":0,"show_countdown":0,"timer":0,"repeat_ads":0},"featured_image":"http:\/\/demo.mythemeshop.com\/wp-quiz-pro\/files\/2016\/04\/leo-7.jpg"},{"title":"Can You Guess The Chick Flick Based On The GIF?","type":"trivia","questions":[{"title":"1","mediaType":"image","image":"http:\/\/demo.mythemeshop.com\/wp-quiz-pro\/files\/2016\/06\/1.gif","imageCredit":"","video":"","imagePlaceholder":"","desc":"","answers":[{"title":"'The Riot Club'","image":"","isCorrect":"0"},{"title":"'Love, Rosie'","image":"","isCorrect":"1"},{"title":"'Me Before You'","image":"","isCorrect":"0"},{"title":"'The Hunger Games'","image":"","isCorrect":"0"}]},{"title":"2","mediaType":"image","image":"http:\/\/demo.mythemeshop.com\/wp-quiz-pro\/files\/2016\/06\/2.gif","imageCredit":"","video":"","imagePlaceholder":"","desc":"","answers":[{"title":"'Serendipity'","image":"","isCorrect":"0"},{"title":"'Can't Buy Me Love'","image":"","isCorrect":"0"},{"title":"'Pretty In Pink'","image":"","isCorrect":"0"},{"title":"'Sixteen Candles'","image":"","isCorrect":"1"}]},{"title":"3","mediaType":"image","image":"http:\/\/demo.mythemeshop.com\/wp-quiz-pro\/files\/2016\/06\/3.gif","imageCredit":"","video":"","imagePlaceholder":"","desc":"","answers":[{"title":"'10 Things I Hate About You'","image":"","isCorrect":"1"},{"title":"'Save The Last Dance'","image":"","isCorrect":"0"},{"title":"'A Walk To Remember'","image":"","isCorrect":"0"},{"title":"'The Last Song'","image":"","isCorrect":"0"}]},{"title":"4","mediaType":"image","image":"http:\/\/demo.mythemeshop.com\/wp-quiz-pro\/files\/2016\/06\/4.gif","imageCredit":"","video":"","imagePlaceholder":"","desc":"","answers":[{"title":"'LOL'","image":"","isCorrect":"0"},{"title":"'The Last Song'","image":"","isCorrect":"1"},{"title":"'So Undercover'","image":"","isCorrect":"0"},{"title":"'Hannah Montana'","image":"","isCorrect":"0"}]},{"title":"5","mediaType":"image","image":"http:\/\/demo.mythemeshop.com\/wp-quiz-pro\/files\/2016\/06\/5.gif","imageCredit":"","video":"","imagePlaceholder":"","desc":"","answers":[{"title":"'The Vow'","image":"","isCorrect":"0"},{"title":"'Crazy, Stupid, Love'","image":"","isCorrect":"0"},{"title":"'The Notebook'","image":"","isCorrect":"1"},{"title":"'About Time'","image":"","isCorrect":"0"}]},{"title":"6","mediaType":"image","image":"http:\/\/demo.mythemeshop.com\/wp-quiz-pro\/files\/2016\/06\/6.gif","imageCredit":"","video":"","imagePlaceholder":"","desc":"","answers":[{"title":"'The Lizzie McGuire Movie'","image":"","isCorrect":"0"},{"title":"'A Cinderella Story'","image":"","isCorrect":"1"},{"title":"'Raise Your Voice'","image":"","isCorrect":"0"},{"title":"'Cadet Kelly'","image":"","isCorrect":"0"}]},{"title":"7","mediaType":"image","image":"http:\/\/demo.mythemeshop.com\/wp-quiz-pro\/files\/2016\/06\/7.gif","imageCredit":"","video":"","imagePlaceholder":"","desc":"","answers":[{"title":"'Get A Job'","image":"","isCorrect":"0"},{"title":"'The Spectacular Now'","image":"","isCorrect":"1"},{"title":"'Two Night Stand'","image":"","isCorrect":"0"},{"title":"'That Awkward Moment'","image":"","isCorrect":"0"}]},{"title":"8","mediaType":"image","image":"http:\/\/demo.mythemeshop.com\/wp-quiz-pro\/files\/2016\/06\/8.gif","imageCredit":"","video":"","imagePlaceholder":"","desc":"","answers":[{"title":"'Chasing Liberty'","image":"","isCorrect":"0"},{"title":"'Because I Said So'","image":"","isCorrect":"0"},{"title":"'The Princess Diaries'","image":"","isCorrect":"1"},{"title":"'License to Wed'","image":"","isCorrect":"0"}]},{"title":"9","mediaType":"image","image":"http:\/\/demo.mythemeshop.com\/wp-quiz-pro\/files\/2016\/06\/9.gif","imageCredit":"","video":"","imagePlaceholder":"","desc":"","answers":[{"title":"'We Are The Freaks'","image":"","isCorrect":"0"},{"title":"'Hick'","image":"","isCorrect":"0"},{"title":"'If I Stay'","image":"","isCorrect":"1"},{"title":"'Irrational Man'","image":"","isCorrect":"0"}]},{"title":"10","mediaType":"image","image":"http:\/\/demo.mythemeshop.com\/wp-quiz-pro\/files\/2016\/06\/10.gif","imageCredit":"","video":"","imagePlaceholder":"","desc":"","answers":[{"title":"'Palo Alto'","image":"","isCorrect":"0"},{"title":"'Wild Child'","image":"","isCorrect":"1"},{"title":"'The Art of Getting By'","image":"","isCorrect":"0"},{"title":"'Aquamarine'","image":"","isCorrect":"0"}]},{"title":"11","mediaType":"image","image":"http:\/\/demo.mythemeshop.com\/wp-quiz-pro\/files\/2016\/06\/11.gif","imageCredit":"","video":"","imagePlaceholder":"","desc":"","answers":[{"title":"'The Vow'","image":"","isCorrect":"0"},{"title":"'She's the Man'","image":"","isCorrect":"1"},{"title":"'22 Jump Street'","image":"","isCorrect":"0"},{"title":"'Step Up'","image":"","isCorrect":"0"}]}],"results":[{"title":"You know enough chick flicks","image":"http:\/\/demo.mythemeshop.com\/wp-quiz-pro\/files\/2016\/06\/r1.gif","min":"0","max":"5","desc":""},{"title":"You definitely know your stuff!","image":"http:\/\/demo.mythemeshop.com\/wp-quiz-pro\/files\/2016\/06\/r2.gif","min":"6","max":"11","desc":""}],"settings":{"question_layout":"single","skin":"flat","bar_color":"#00c479","font_color":"#000","background_color":"#ecf0f1","title_color":"","title_size":"","title_font":"AvantGarde-Book","profile":"user","animation_in":"fade","animation_out":"fade","size":"custom","custom_height":"468","custom_width":"338","rand_answers":1,"restart_questions":1,"share_buttons":["fb","tw","g+","vk"],"countdown_timer":"0","force_action":"2","ad_nth_display":"0","ad_codes":"","rand_questions":0,"promote_plugin":0,"embed_toggle":0,"show_ads":0,"show_countdown":0,"timer":0,"auto_scroll":0,"repeat_ads":0},"featured_image":""},{"title":"How Well Do You Know the Real Trial of OJ Simpson?","type":"trivia","questions":[{"title":"Rumors occurred that Chris Darden was in a relationship with who?","mediaType":"image","image":"http:\/\/demo.mythemeshop.com\/wp-quiz-pro\/files\/2016\/04\/oj-1.jpg","imageCredit":"","video":"","imagePlaceholder":"","desc":"","answers":[{"title":"Nicole Simpson","image":"http:\/\/demo.mythemeshop.com\/wp-quiz-pro\/files\/2016\/04\/oj-1-1.jpg","isCorrect":"0"},{"title":"Marcia Clark","image":"http:\/\/demo.mythemeshop.com\/wp-quiz-pro\/files\/2016\/04\/oj-1-2.jpg","isCorrect":"1"},{"title":"Judge Ito","image":"http:\/\/demo.mythemeshop.com\/wp-quiz-pro\/files\/2016\/04\/oj-1-3.jpg","isCorrect":"0"}]},{"title":"Chris Darden actually claimed to be dating...","mediaType":"image","image":"http:\/\/demo.mythemeshop.com\/wp-quiz-pro\/files\/2016\/04\/oj-2.jpg","imageCredit":"","video":"","imagePlaceholder":"","desc":"","answers":[{"title":"Cyndi Lauper","image":"http:\/\/demo.mythemeshop.com\/wp-quiz-pro\/files\/2016\/04\/oj-2-1.jpg","isCorrect":"0"},{"title":"Condoleezza Rice","image":"http:\/\/demo.mythemeshop.com\/wp-quiz-pro\/files\/2016\/04\/oj-2-2.jpg","isCorrect":"0"},{"title":"Anita Hill","image":"http:\/\/demo.mythemeshop.com\/wp-quiz-pro\/files\/2016\/04\/oj-2-3.jpg","isCorrect":"1"}]},{"title":"Who was in the cell next to O.J.?","mediaType":"image","image":"http:\/\/demo.mythemeshop.com\/wp-quiz-pro\/files\/2016\/04\/oj-3.jpg","imageCredit":"","video":"","imagePlaceholder":"","desc":"","answers":[{"title":"The Zodiac Killer","image":"http:\/\/demo.mythemeshop.com\/wp-quiz-pro\/files\/2016\/04\/oj-3-1.jpg","isCorrect":"0"},{"title":"Eric Menendez","image":"http:\/\/demo.mythemeshop.com\/wp-quiz-pro\/files\/2016\/04\/oj-3-2.jpg","isCorrect":"1"},{"title":"Tonya Harding","image":"http:\/\/demo.mythemeshop.com\/wp-quiz-pro\/files\/2016\/04\/oj-3-3.jpg","isCorrect":"0"}]},{"title":"How many lawyers on OJ's team were accused of domestic abuse?","mediaType":"image","image":"http:\/\/demo.mythemeshop.com\/wp-quiz-pro\/files\/2016\/04\/oj-4.jpg","imageCredit":"","video":"","imagePlaceholder":"","desc":"","answers":[{"title":"2","image":"","isCorrect":"1"},{"title":"1","image":"","isCorrect":"0"},{"title":"3","image":"","isCorrect":"0"}]},{"title":"Who did F. Lee Bailey call a \"sick little puppy\"?","mediaType":"image","image":"http:\/\/demo.mythemeshop.com\/wp-quiz-pro\/files\/2016\/04\/oj-5.jpg","imageCredit":"","video":"","imagePlaceholder":"","desc":"","answers":[{"title":"Judge Ito","image":"http:\/\/demo.mythemeshop.com\/wp-quiz-pro\/files\/2016\/04\/oj-1-3.jpg","isCorrect":"0"},{"title":"Robert Shapiro","image":"http:\/\/demo.mythemeshop.com\/wp-quiz-pro\/files\/2016\/04\/oj-5-2.jpg","isCorrect":"1"},{"title":"O.J. Simpson","image":"http:\/\/demo.mythemeshop.com\/wp-quiz-pro\/files\/2016\/04\/oj-5-3.jpg","isCorrect":"0"}]},{"title":"Which lawyer wondered if he or she would ever work in law again?","mediaType":"image","image":"http:\/\/demo.mythemeshop.com\/wp-quiz-pro\/files\/2016\/04\/oj-6.jpg","imageCredit":"","video":"","imagePlaceholder":"","desc":"","answers":[{"title":"Christopher Darden","image":"http:\/\/demo.mythemeshop.com\/wp-quiz-pro\/files\/2016\/04\/oj-6-1.jpg","isCorrect":"1"},{"title":"Robert Shapiro","image":"http:\/\/demo.mythemeshop.com\/wp-quiz-pro\/files\/2016\/04\/oj-5-2.jpg","isCorrect":"0"},{"title":"Marcia Clark","image":"http:\/\/demo.mythemeshop.com\/wp-quiz-pro\/files\/2016\/04\/oj-1-2.jpg","isCorrect":"0"}]},{"title":"On what day was the trial decided?","mediaType":"image","image":"http:\/\/demo.mythemeshop.com\/wp-quiz-pro\/files\/2016\/04\/oj-7.jpg","imageCredit":"","video":"","imagePlaceholder":"","desc":"","answers":[{"title":"October 4th, 1996","image":"","isCorrect":"0"},{"title":"September 12th, 1995","image":"","isCorrect":"0"},{"title":"October 2, 1995","image":"","isCorrect":"1"}]},{"title":"Which lawyer later went on to represent victims of the Oklahoma City Bombing?","mediaType":"image","image":"http:\/\/demo.mythemeshop.com\/wp-quiz-pro\/files\/2016\/04\/oj-8.jpg","imageCredit":"","video":"","imagePlaceholder":"","desc":"","answers":[{"title":"Marcia Clark","image":"http:\/\/demo.mythemeshop.com\/wp-quiz-pro\/files\/2016\/04\/oj-8-1.jpg","isCorrect":"0"},{"title":"Christopher Darden","image":"http:\/\/demo.mythemeshop.com\/wp-quiz-pro\/files\/2016\/04\/oj-8-2.jpg","isCorrect":"0"},{"title":"Johnnie Cochran","image":"http:\/\/demo.mythemeshop.com\/wp-quiz-pro\/files\/2016\/04\/oj-8-3.jpg","isCorrect":"1"}]},{"title":"What lawyer was tied romantically to Priscilla Presley?","mediaType":"image","image":"http:\/\/demo.mythemeshop.com\/wp-quiz-pro\/files\/2016\/04\/oj-9.jpg","imageCredit":"","video":"","imagePlaceholder":"","desc":"","answers":[{"title":"F. Lee Bailey","image":"http:\/\/demo.mythemeshop.com\/wp-quiz-pro\/files\/2016\/04\/oj-9-1.jpg","isCorrect":"0"},{"title":"Robert Kardashian","image":"http:\/\/demo.mythemeshop.com\/wp-quiz-pro\/files\/2016\/04\/oj-9-2.jpg","isCorrect":"1"},{"title":"Robert Shapiro","image":"http:\/\/demo.mythemeshop.com\/wp-quiz-pro\/files\/2016\/04\/oj-5-2.jpg","isCorrect":"0"}]},{"title":"Of these, what NFL team did O.J. Simpson play for?","mediaType":"image","image":"http:\/\/demo.mythemeshop.com\/wp-quiz-pro\/files\/2016\/04\/oj-10.jpg","imageCredit":"","video":"","imagePlaceholder":"","desc":"","answers":[{"title":"New England Patriots","image":"http:\/\/demo.mythemeshop.com\/wp-quiz-pro\/files\/2016\/04\/oj-10-1.jpg","isCorrect":"0"},{"title":"Buffalo Bills","image":"http:\/\/demo.mythemeshop.com\/wp-quiz-pro\/files\/2016\/04\/oj-10-2.jpg","isCorrect":"1"},{"title":"Dallas Cowboys","image":"http:\/\/demo.mythemeshop.com\/wp-quiz-pro\/files\/2016\/04\/oj-10-3.jpg","isCorrect":"0"}]}],"results":[{"title":"You are a True Detective!","image":"http:\/\/demo.mythemeshop.com\/wp-quiz-pro\/files\/2016\/04\/oj-6.jpg","min":"5","max":"10","desc":""},{"title":"Time to watch American Crime Story ;)","image":"http:\/\/demo.mythemeshop.com\/wp-quiz-pro\/files\/2016\/04\/american-crime-story-1.jpg","min":"0","max":"4","desc":""}],"settings":{"question_layout":"multiple","skin":"flat","bar_color":"#00c479","font_color":"#000","background_color":"#ecf0f1","title_color":"","title_size":"","title_font":"AvantGarde-Book","profile":"user","animation_in":"fade","animation_out":"fade","size":"full","custom_height":"","custom_width":"","rand_answers":1,"restart_questions":1,"share_buttons":["fb","tw","g+","vk"],"countdown_timer":"0","force_action":"1","show_ads":1,"ad_nth_display":"3","ad_codes":"<img src=\"http:\/\/demo.mythemeshop.com\/wp-quiz-pro\/files\/2016\/04\/336-X-280.jpg\">","rand_questions":0,"promote_plugin":0,"embed_toggle":0,"show_countdown":0,"timer":0,"auto_scroll":0,"repeat_ads":0},"featured_image":""},{"title":"Do you think you are a true Star Wars fan?","type":"trivia","questions":[{"title":"Who is Darth Vader?","mediaType":"image","image":"http:\/\/demo.mythemeshop.com\/wp-quiz-pro\/files\/2016\/04\/star-wars-1.jpg","imageCredit":"","video":"","imagePlaceholder":"","desc":"","answers":[{"title":"Luke's father","image":"","isCorrect":"1"},{"title":"A Sith from star wars 1","image":"","isCorrect":"0"}]},{"title":"Who killed Beru and Owen Lars","mediaType":"image","image":"http:\/\/demo.mythemeshop.com\/wp-quiz-pro\/files\/2016\/04\/star-wars-2.jpg","imageCredit":"","video":"","imagePlaceholder":"","desc":"","answers":[{"title":"Darth Maul","image":"","isCorrect":"0"},{"title":"Stormtroopers","image":"","isCorrect":"1"}]},{"title":"Who is Kylo Ren's inspiration?","mediaType":"image","image":"http:\/\/demo.mythemeshop.com\/wp-quiz-pro\/files\/2016\/04\/star-wars-3.jpg","imageCredit":"","video":"","imagePlaceholder":"","desc":"","answers":[{"title":"Darth Vader","image":"","isCorrect":"1"},{"title":"Count Dooku","image":"","isCorrect":"0"}]},{"title":"Who killed Greedo?","mediaType":"image","image":"http:\/\/demo.mythemeshop.com\/wp-quiz-pro\/files\/2016\/04\/star-wars-4.jpg","imageCredit":"","video":"","imagePlaceholder":"","desc":"","answers":[{"title":"Stormtrooper","image":"","isCorrect":"0"},{"title":"Han Solo","image":"","isCorrect":"1"}]},{"title":"Why did those two Jedi fight?","mediaType":"image","image":"http:\/\/demo.mythemeshop.com\/wp-quiz-pro\/files\/2016\/04\/star-wars-5.jpg","imageCredit":"","video":"","imagePlaceholder":"","desc":"","answers":[{"title":"Just for fun","image":"","isCorrect":"0"},{"title":"To beat one another","image":"","isCorrect":"1"}]},{"title":"Who portrayed Count Dooku in episode 2 and 3? ","mediaType":"image","image":"http:\/\/demo.mythemeshop.com\/wp-quiz-pro\/files\/2016\/04\/star-wars-6.jpg","imageCredit":"","video":"","imagePlaceholder":"","desc":"","answers":[{"title":"Sebastian Shaw","image":"","isCorrect":"0"},{"title":"Christopher Lee","image":"","isCorrect":"1"}]},{"title":"Who won between Luke and Vader in Empire Strikes Back?","mediaType":"image","image":"http:\/\/demo.mythemeshop.com\/wp-quiz-pro\/files\/2016\/04\/star-wars-7.jpg","imageCredit":"","video":"","imagePlaceholder":"","desc":"","answers":[{"title":"Darth Vader","image":"","isCorrect":"1"},{"title":"Luke Skywalker","image":"","isCorrect":"0"}]},{"title":"Who won in Return of The Jedi? Luke or Darth Vader","mediaType":"image","image":"http:\/\/demo.mythemeshop.com\/wp-quiz-pro\/files\/2016\/04\/star-wars-8.jpg","imageCredit":"","video":"","imagePlaceholder":"","desc":"","answers":[{"title":"Luke Skywalker","image":"","isCorrect":"1"},{"title":"Darth Vader","image":"","isCorrect":"0"}]},{"title":"Who won the duel? Anakin Skywalker or Obi-Wan?","mediaType":"image","image":"http:\/\/demo.mythemeshop.com\/wp-quiz-pro\/files\/2016\/04\/star-wars-9.jpg","imageCredit":"","video":"","imagePlaceholder":"","desc":"","answers":[{"title":"Obi-Wan","image":"","isCorrect":"1"},{"title":"Anakin Skywalker","image":"","isCorrect":"0"}]},{"title":"Finally, this is a great question! What happened when Darth Vader threw The Emperor over the rail?","mediaType":"no_media","image":"","imageCredit":"","video":"","imagePlaceholder":"","desc":"","answers":[{"title":"He only got hurt","image":"","isCorrect":"0"},{"title":"The Emperor exploded","image":"","isCorrect":"1"}]}],"results":[{"title":"You Suck!","image":"","min":"0","max":"4","desc":"You should better complete the Star Wars series again"},{"title":"You are a true Star Wars fan!","image":"http:\/\/demo.mythemeshop.com\/wp-quiz-pro\/files\/2016\/04\/star-wars-7.jpg","min":"5","max":"10","desc":""}],"settings":{"question_layout":"single","skin":"flat","bar_color":"#00c479","font_color":"#000","background_color":"#ecf0f1","title_color":"","title_size":"","title_font":"AvantGarde-Book","profile":"user","animation_in":"fade","animation_out":"fade","size":"full","custom_height":"","custom_width":"","rand_answers":1,"restart_questions":1,"embed_toggle":1,"share_buttons":["fb","tw","g+","vk"],"countdown_timer":"0","auto_scroll":1,"end_answers":"1","force_action":"0","ad_nth_display":"0","ad_codes":"","rand_questions":0,"promote_plugin":0,"show_ads":0,"show_countdown":0,"timer":0,"repeat_ads":0},"featured_image":""}]