[{"title":"What are you like when you are angry?","type":"fb_quiz","questions":[{"title":"What are you like when you are angry?","mediaType":"image","image":"http:\/\/demo.mythemeshop.com\/wp-quiz-pro\/files\/2016\/10\/angry.jpg","imageCredit":"","video":"","imagePlaceholder":"","desc":"What natural phenomenon do you become when you get mad?"}],"results":[{"title":"%%userfirstname%% You Are","imageRadius":"500","image":"http:\/\/demo.mythemeshop.com\/wp-quiz-pro\/files\/2016\/10\/tornado.jpg","pos_x":"61","pos_y":"109","proImageWidth":"237","proImageHeight":"237","pos_title_x":"-1","pos_title_y":"14","titleImageWidth":"431","desc":"Incredible! <strong>When %%userfirstname%% gets mad, better not be nearby<\/strong> unless you want to lose pieces of yourself! But at the same time, to make someone as amazing really angry, it actually takes quite a lot!"}],"settings":{"question_layout":"single","skin":"flat","bar_color":"#00c479","font_color":"#444","background_color":"#ecf0f1","title_color":"#eeee22","title_size":"30","title_font":"Helvetica-Bold","profile":"user","animation_in":"fade","animation_out":"fade","size":"full","custom_height":"468","custom_width":"338","promote_plugin":1,"embed_toggle":1,"share_buttons":["fb","tw","g+","vk"],"countdown_timer":"0","force_action":"0","ad_nth_display":"0","ad_codes":"","rand_questions":0,"rand_answers":0,"restart_questions":0,"show_ads":0,"show_countdown":0,"timer":0,"auto_scroll":0,"repeat_ads":0},"featured_image":""},{"title":"Which luxury item are you?","type":"fb_quiz","questions":[{"title":"Which luxury item are you?","mediaType":"image","image":"http:\/\/demo.mythemeshop.com\/wp-quiz-pro\/files\/2016\/11\/luxury.jpg","imageCredit":"","video":"","imagePlaceholder":"","desc":"Which rare object are you, and why?"}],"results":[{"title":"Which luxury item are you?","imageRadius":"0","image":"http:\/\/demo.mythemeshop.com\/wp-quiz-pro\/files\/2016\/11\/plane.jpg","pos_x":"88","pos_y":"74","proImageWidth":"216","proImageHeight":"219","pos_title_x":"199","pos_title_y":"14","titleImageWidth":"398","desc":"How beautiful %%userfirstname%%! <strong>This luxury matches you so perfectly<\/strong>! You have a fine and unique personality, just like this magnificent object. You must make a lot of people jealous!"},{"title":"Which luxury item are you?","imageRadius":"0","image":"http:\/\/demo.mythemeshop.com\/wp-quiz-pro\/files\/2016\/11\/watch.jpg","pos_x":"87","pos_y":"75","proImageWidth":"216","proImageHeight":"217","pos_title_x":"187","pos_title_y":"15","titleImageWidth":"417","desc":"How beautiful %%userfirstname%%! <strong>This luxury matches you so perfectly<\/strong>! You have a fine and unique personality, just like this magnificent object. You must make a lot of people jealous!"}],"settings":{"question_layout":"single","skin":"flat","bar_color":"#00c479","font_color":"#444","background_color":"#ecf0f1","title_color":"#73355e","title_size":"30","title_font":"Helvetica-Bold","profile":"user","animation_in":"fade","animation_out":"fade","size":"full","custom_height":"468","custom_width":"338","share_buttons":["fb","tw","g+","vk"],"countdown_timer":"0","force_action":"0","ad_nth_display":"0","ad_codes":"","rand_questions":0,"rand_answers":0,"restart_questions":0,"promote_plugin":0,"embed_toggle":0,"show_ads":0,"show_countdown":0,"timer":0,"auto_scroll":0,"repeat_ads":0},"featured_image":""},{"title":"What is your friendship made up of?","type":"fb_quiz","questions":[{"title":"What is your friendship made up of?","mediaType":"image","image":"http:\/\/demo.mythemeshop.com\/wp-quiz-pro\/files\/2016\/11\/friendship-test.jpg","imageCredit":"http:\/\/mythemeshop.com","video":"","imagePlaceholder":"","desc":"Find out exactly what your friendship means to people!"}],"results":[{"title":"%%userfirstname%%","imageRadius":"64","image":"http:\/\/demo.mythemeshop.com\/wp-quiz-pro\/files\/2016\/11\/friendship.jpg","pos_x":"16","pos_y":"73","proImageWidth":"277","proImageHeight":"277","pos_title_x":"109","pos_title_y":"371","titleImageWidth":"310","desc":"Incredible! You are exactly the kind of friend everyone dreams of! We can trust you and count on you at any time!"},{"title":"%%userfirstname%%","imageRadius":"67","image":"http:\/\/demo.mythemeshop.com\/wp-quiz-pro\/files\/2016\/11\/friendship-2.jpg","pos_x":"17","pos_y":"73","proImageWidth":"276","proImageHeight":"276","pos_title_x":"124","pos_title_y":"372","titleImageWidth":"82","desc":"Incredible! You are exactly the kind of friend everyone dreams of! We can trust you and count on you at any time!"}],"settings":{"question_layout":"single","skin":"flat","bar_color":"#00c479","font_color":"#444","background_color":"#ecf0f1","title_color":"#0c0c0c","title_size":"30","title_font":"Helvetica-Bold","profile":"user","animation_in":"fade","animation_out":"fade","size":"full","custom_height":"468","custom_width":"338","embed_toggle":1,"share_buttons":["fb","tw","g+","vk"],"countdown_timer":"0","force_action":"0","ad_nth_display":"0","ad_codes":"","rand_questions":0,"rand_answers":0,"restart_questions":0,"promote_plugin":0,"show_ads":0,"show_countdown":0,"timer":0,"auto_scroll":0,"repeat_ads":0},"featured_image":""},{"title":"Which manga hero slumbers deep down inside you?","type":"fb_quiz","questions":[{"title":"Which manga hero slumbers deep down inside you?","mediaType":"image","image":"http:\/\/demo.mythemeshop.com\/wp-quiz-pro\/files\/2016\/11\/manga.jpg","imageCredit":"","video":"","imagePlaceholder":"","desc":"You have what it take to be a manga hero, but which one? Find out now!"}],"results":[{"title":"%%userfirstname%%","imageRadius":"0","image":"http:\/\/demo.mythemeshop.com\/wp-quiz-pro\/files\/2016\/11\/goku.jpg","pos_x":"48","pos_y":"54","proImageWidth":"186","proImageHeight":"186","pos_title_x":"104","pos_title_y":"251","titleImageWidth":"125","desc":"%%userfirstname%%, you are <strong>brave and strong just like this hero<\/strong>! Nothing can get in your way and your enemies fear you as much as they respect you!"},{"title":"%%userfirstname%%","imageRadius":"0","image":"http:\/\/demo.mythemeshop.com\/wp-quiz-pro\/files\/2016\/11\/L.jpg","pos_x":"49","pos_y":"55","proImageWidth":"185","proImageHeight":"185","pos_title_x":"88","pos_title_y":"251","titleImageWidth":"142","desc":"%%userfirstname%%, you are <strong>world-renowned detective just like this hero<\/strong>! Nothing can get in your way and your enemies fear you as much as they respect you!"},{"title":"%%userfirstname%%","imageRadius":"0","image":"http:\/\/demo.mythemeshop.com\/wp-quiz-pro\/files\/2016\/11\/Monkey.jpg","pos_x":"48","pos_y":"54","proImageWidth":"186","proImageHeight":"186","pos_title_x":"94","pos_title_y":"249","titleImageWidth":"132","desc":"%%userfirstname%%, you are <strong>world-renowned detective just like this hero<\/strong>! Nothing can get in your way and your enemies fear you as much as they respect you!"}],"settings":{"question_layout":"single","skin":"flat","bar_color":"#00c479","font_color":"#444","background_color":"#ecf0f1","title_color":"#ffffff","title_size":"30","title_font":"Helvetica-Bold","profile":"user","animation_in":"fade","animation_out":"fade","size":"full","custom_height":"468","custom_width":"338","share_buttons":["fb","tw","g+","vk"],"countdown_timer":"0","force_action":"0","ad_nth_display":"0","ad_codes":"","rand_questions":0,"rand_answers":0,"restart_questions":0,"promote_plugin":0,"embed_toggle":0,"show_ads":0,"show_countdown":0,"timer":0,"auto_scroll":0,"repeat_ads":0},"featured_image":""}]